game_date,away_team,home_team
10/10/2023,NSH,TBL
10/10/2023,CHI,PIT
10/10/2023,SEA,VGK
10/11/2023,OTT,CAR
10/11/2023,MTL,TOR
10/11/2023,CHI,BOS
10/11/2023,WPG,CGY
10/11/2023,COL,LAK
10/11/2023,EDM,VAN
10/12/2023,NYR,BUF
10/12/2023,PHI,CBJ
10/12/2023,DET,NJD
10/12/2023,STL,DAL
10/12/2023,FLA,MIN
10/12/2023,SEA,NSH
10/12/2023,VGK,SJS
10/13/2023,ARI,NJD
10/13/2023,PIT,WSH
10/14/2023,PHI,OTT
10/14/2023,FLA,WPG
10/14/2023,NSH,BOS
10/14/2023,NYR,CBJ
10/14/2023,TBL,DET
10/14/2023,CHI,MTL
10/14/2023,CGY,PIT
10/14/2023,MIN,TOR
10/14/2023,BUF,NYI
10/14/2023,SEA,STL
10/14/2023,VAN,EDM
10/14/2023,COL,SJS
10/14/2023,ANA,VGK
10/14/2023,CAR,LAK
10/15/2023,TBL,OTT
10/15/2023,CAR,ANA
10/16/2023,DET,CBJ
10/16/2023,FLA,NJD
10/16/2023,ARI,NYR
10/16/2023,CHI,TOR
10/16/2023,CGY,WSH
10/17/2023,VAN,PHI
10/17/2023,MIN,MTL
10/17/2023,TBL,BUF
10/17/2023,ARI,NYI
10/17/2023,EDM,NSH
10/17/2023,LAK,WPG
10/17/2023,COL,SEA
10/17/2023,CAR,SJS
10/17/2023,DAL,VGK
10/18/2023,WSH,OTT
10/18/2023,PIT,DET
10/19/2023,CGY,BUF
10/19/2023,TOR,FLA
10/19/2023,NSH,NYR
10/19/2023,VAN,TBL
10/19/2023,EDM,PHI
10/19/2023,LAK,MIN
10/19/2023,ARI,STL
10/19/2023,VGK,WPG
10/19/2023,DAL,ANA
10/19/2023,CAR,SEA
10/19/2023,CHI,COL
10/19/2023,BOS,SJS
10/20/2023,CGY,CBJ
10/20/2023,NJD,NYI
10/21/2023,DET,OTT
10/21/2023,ANA,ARI
10/21/2023,NYI,BUF
10/21/2023,VAN,FLA
10/21/2023,WSH,MTL
10/21/2023,TOR,TBL
10/21/2023,VGK,CHI
10/21/2023,PHI,DAL
10/21/2023,CBJ,MIN
10/21/2023,SJS,NSH
10/21/2023,PIT,STL
10/21/2023,CAR,COL
10/21/2023,WPG,EDM
10/21/2023,NYR,SEA
10/21/2023,BOS,LAK
10/22/2023,CGY,DET
10/22/2023,BOS,ANA
10/23/2023,MTL,BUF
10/24/2023,TOR,WSH
10/24/2023,BUF,OTT
10/24/2023,CAR,TBL
10/24/2023,NJD,MTL
10/24/2023,DAL,PIT
10/24/2023,SJS,FLA
10/24/2023,COL,NYI
10/24/2023,SEA,DET
10/24/2023,ANA,CBJ
10/24/2023,BOS,CHI
10/24/2023,STL,WPG
10/24/2023,EDM,MIN
10/24/2023,VAN,NSH
10/24/2023,NYR,CGY
10/24/2023,ARI,LAK
10/24/2023,PHI,VGK
10/25/2023,WSH,NJD
10/26/2023,ANA,BOS
10/26/2023,SEA,CAR
10/26/2023,WPG,DET
10/26/2023,CBJ,MTL
10/26/2023,COL,PIT
10/26/2023,SJS,TBL
10/26/2023,MIN,PHI
10/26/2023,OTT,NYI
10/26/2023,TOR,DAL
10/26/2023,STL,CGY
10/26/2023,NYR,EDM
10/27/2023,CHI,VGK
10/27/2023,SJS,CAR
10/27/2023,BUF,NJD
10/27/2023,MIN,WSH
10/27/2023,LAK,ARI
10/27/2023,STL,VAN
10/28/2023,ANA,PHI
10/28/2023,SEA,FLA
10/28/2023,DET,BOS
10/28/2023,NYI,CBJ
10/28/2023,WPG,MTL
10/28/2023,TOR,NSH
10/28/2023,OTT,PIT
10/28/2023,NYR,VAN
10/28/2023,VGK,LAK
10/29/2023,COL,BUF
10/29/2023,MIN,NJD
10/29/2023,SJS,WSH
10/29/2023,CGY,EDM
10/30/2023,FLA,BOS
10/30/2023,CAR,PHI
10/30/2023,ANA,PIT
10/30/2023,SEA,TBL
10/30/2023,DET,NYI
10/30/2023,NYR,WPG
10/30/2023,CBJ,DAL
10/30/2023,CHI,ARI
10/30/2023,MTL,VGK
10/31/2023,LAK,TOR
10/31/2023,NSH,VAN
11/1/2023,BUF,PHI
11/1/2023,DAL,CGY
11/1/2023,STL,COL
11/1/2023,ARI,ANA
11/2/2023,TBL,CBJ
11/2/2023,FLA,DET
11/2/2023,CAR,NYR
11/2/2023,LAK,OTT
11/2/2023,NYI,WSH
11/2/2023,TOR,BOS
11/2/2023,NJD,MIN
11/2/2023,DAL,EDM
11/2/2023,MTL,ARI
11/2/2023,NSH,SEA
11/2/2023,WPG,VGK
11/2/2023,VAN,SJS
11/3/2023,PHI,BUF
11/3/2023,NJD,STL
11/4/2023,NSH,EDM
11/4/2023,WPG,ARI
11/4/2023,BOS,DET
11/4/2023,TBL,OTT
11/4/2023,MTL,STL
11/4/2023,BUF,TOR
11/4/2023,CBJ,WSH
11/4/2023,LAK,PHI
11/4/2023,CAR,NYI
11/4/2023,FLA,CHI
11/4/2023,NYR,MIN
11/4/2023,CGY,SEA
11/4/2023,PIT,SJS
11/4/2023,DAL,VAN
11/4/2023,COL,VGK
11/5/2023,NJD,CHI
11/5/2023,VGK,ANA
11/6/2023,CBJ,FLA
11/6/2023,TBL,TOR
11/6/2023,BOS,DAL
11/6/2023,EDM,VAN
11/7/2023,BUF,CAR
11/7/2023,TBL,MTL
11/7/2023,MIN,NYI
11/7/2023,DET,NYR
11/7/2023,WPG,STL
11/7/2023,SEA,ARI
11/7/2023,NSH,CGY
11/7/2023,PIT,ANA
11/7/2023,NJD,COL
11/7/2023,PHI,SJS
11/8/2023,OTT,TOR
11/8/2023,FLA,WSH
11/8/2023,LAK,VGK
11/9/2023,NYI,BOS
11/9/2023,MTL,DET
11/9/2023,MIN,NYR
11/9/2023,VAN,OTT
11/9/2023,CHI,TBL
11/9/2023,DAL,CBJ
11/9/2023,ARI,STL
11/9/2023,NSH,WPG
11/9/2023,SEA,COL
11/9/2023,PIT,LAK
11/9/2023,EDM,SJS
11/10/2023,MIN,BUF
11/10/2023,CAR,FLA
11/10/2023,WSH,NJD
11/10/2023,CGY,TOR
11/10/2023,PHI,ANA
11/10/2023,SJS,VGK
11/11/2023,CBJ,DET
11/11/2023,DAL,WPG
11/11/2023,BOS,MTL
11/11/2023,CGY,OTT
11/11/2023,CAR,TBL
11/11/2023,VAN,TOR
11/11/2023,WSH,NYI
11/11/2023,BUF,PIT
11/11/2023,ARI,NSH
11/11/2023,STL,COL
11/11/2023,EDM,SEA
11/11/2023,PHI,LAK
11/12/2023,CHI,FLA
11/12/2023,DAL,MIN
11/12/2023,VAN,MTL
11/12/2023,CBJ,NYR
11/12/2023,SJS,ANA
11/13/2023,NYI,EDM
11/13/2023,COL,SEA
11/14/2023,BOS,BUF
11/14/2023,PIT,CBJ
11/14/2023,CGY,MTL
11/14/2023,VGK,WSH
11/14/2023,ARI,DAL
11/14/2023,ANA,NSH
11/14/2023,TBL,STL
11/14/2023,NJD,WPG
11/14/2023,FLA,SJS
11/15/2023,PHI,CAR
11/15/2023,SEA,EDM
11/15/2023,ANA,COL
11/15/2023,NYI,VAN
11/16/2023,DET,OTT
11/16/2023,ARI,CBJ
11/16/2023,VGK,MTL
11/16/2023,NJD,PIT
11/16/2023,TBL,CHI
11/16/2023,VAN,CGY
11/16/2023,NYI,SEA
11/16/2023,FLA,LAK
11/16/2023,STL,SJS
11/17/2023,TOR,DET
11/17/2023,BUF,WPG
11/17/2023,FLA,ANA
11/18/2023,MIN,OTT
11/18/2023,VGK,PHI
11/18/2023,CHI,NSH
11/18/2023,EDM,TBL
11/18/2023,MTL,BOS
11/18/2023,PIT,CAR
11/18/2023,NYI,CGY
11/18/2023,NYR,NJD
11/18/2023,ARI,WPG
11/18/2023,CBJ,WSH
11/18/2023,COL,DAL
11/18/2023,SEA,VAN
11/18/2023,STL,LAK
11/19/2023,TOR,MIN
11/19/2023,CBJ,PHI
11/19/2023,VGK,PIT
11/19/2023,BUF,CHI
11/19/2023,STL,ANA
11/20/2023,EDM,FLA
11/20/2023,BOS,TBL
11/20/2023,NYR,DAL
11/20/2023,COL,NSH
11/20/2023,LAK,ARI
11/20/2023,CGY,SEA
11/20/2023,SJS,VAN
11/22/2023,EDM,CAR
11/22/2023,CHI,CBJ
11/22/2023,NJD,DET
11/22/2023,BOS,FLA
11/22/2023,NYR,PIT
11/22/2023,WPG,TBL
11/22/2023,BUF,WSH
11/22/2023,PHI,NYI
11/22/2023,STL,ARI
11/22/2023,CGY,NSH
11/22/2023,VGK,DAL
11/22/2023,MTL,ANA
11/22/2023,VAN,COL
11/22/2023,SJS,SEA
11/24/2023,DET,BOS
11/24/2023,NYR,PHI
11/24/2023,TOR,CHI
11/24/2023,CBJ,NJD
11/24/2023,NSH,STL
11/24/2023,EDM,WSH
11/24/2023,LAK,ANA
11/24/2023,MTL,SJS
11/24/2023,PIT,BUF
11/24/2023,NYI,OTT
11/24/2023,TBL,CAR
11/24/2023,WPG,FLA
11/24/2023,CGY,DAL
11/24/2023,COL,MIN
11/24/2023,VAN,SEA
11/25/2023,BOS,NYR
11/25/2023,MTL,LAK
11/25/2023,BUF,NJD
11/25/2023,TOR,PIT
11/25/2023,PHI,NYI
11/25/2023,CGY,COL
11/25/2023,VAN,SJS
11/25/2023,ARI,VGK
11/26/2023,MIN,DET
11/26/2023,STL,CHI
11/26/2023,CBJ,CAR
11/26/2023,WPG,NSH
11/26/2023,ANA,EDM
11/27/2023,BOS,CBJ
11/27/2023,BUF,NYR
11/27/2023,FLA,OTT
11/27/2023,TBL,COL
11/27/2023,VGK,CGY
11/27/2023,WSH,SJS
11/28/2023,NYI,NJD
11/28/2023,FLA,TOR
11/28/2023,CAR,PHI
11/28/2023,STL,MIN
11/28/2023,PIT,NSH
11/28/2023,DAL,WPG
11/28/2023,SEA,CHI
11/28/2023,TBL,ARI
11/28/2023,VGK,EDM
11/28/2023,ANA,VAN
11/29/2023,MTL,CBJ
11/29/2023,DET,NYR
11/29/2023,WSH,LAK
11/30/2023,SJS,BOS
11/30/2023,CHI,DET
11/30/2023,FLA,MTL
11/30/2023,NJD,PHI
11/30/2023,PIT,TBL
11/30/2023,SEA,TOR
11/30/2023,NYI,CAR
11/30/2023,MIN,NSH
11/30/2023,BUF,STL
11/30/2023,EDM,WPG
11/30/2023,COL,ARI
11/30/2023,DAL,CGY
11/30/2023,WSH,ANA
11/30/2023,VGK,VAN
12/1/2023,OTT,CBJ
12/1/2023,SJS,NJD
12/2/2023,TBL,DAL
12/2/2023,CHI,WPG
12/2/2023,NYR,NSH
12/2/2023,NYI,FLA
12/2/2023,BUF,CAR
12/2/2023,DET,MTL
12/2/2023,SEA,OTT
12/2/2023,PHI,PIT
12/2/2023,BOS,TOR
12/2/2023,STL,ARI
12/2/2023,COL,ANA
12/2/2023,VAN,CGY
12/2/2023,WSH,VGK
12/3/2023,CHI,MIN
12/3/2023,SJS,NYR
12/3/2023,CBJ,BOS
12/3/2023,NSH,BUF
12/3/2023,COL,LAK
12/4/2023,PIT,PHI
12/4/2023,DAL,TBL
12/4/2023,SEA,MTL
12/4/2023,CAR,WPG
12/4/2023,WSH,ARI
12/4/2023,STL,VGK
12/5/2023,LAK,CBJ
12/5/2023,NYR,OTT
12/5/2023,DET,BUF
12/5/2023,SJS,NYI
12/5/2023,NSH,CHI
12/5/2023,MIN,CGY
12/5/2023,ANA,COL
12/5/2023,NJD,VAN
12/6/2023,DAL,FLA
12/6/2023,PIT,TBL
12/6/2023,VGK,STL
12/6/2023,CAR,EDM
12/7/2023,BUF,BOS
12/7/2023,SJS,DET
12/7/2023,LAK,MTL
12/7/2023,TOR,OTT
12/7/2023,CBJ,NYI
12/7/2023,DAL,WSH
12/7/2023,TBL,NSH
12/7/2023,ANA,CHI
12/7/2023,PHI,ARI
12/7/2023,CAR,CGY
12/7/2023,WPG,COL
12/7/2023,MIN,VAN
12/7/2023,NJD,SEA
12/8/2023,STL,CBJ
12/8/2023,PIT,FLA
12/8/2023,MIN,EDM
12/9/2023,ARI,BOS
12/9/2023,NJD,CGY
12/9/2023,VGK,DAL
12/9/2023,MTL,BUF
12/9/2023,OTT,DET
12/9/2023,NSH,TOR
12/9/2023,NYR,WSH
12/9/2023,LAK,NYI
12/9/2023,STL,CHI
12/9/2023,PHI,COL
12/9/2023,TBL,SEA
12/9/2023,CAR,VAN
12/10/2023,FLA,CBJ
12/10/2023,NJD,EDM
12/10/2023,WSH,CHI
12/10/2023,NSH,MTL
12/10/2023,LAK,NYR
12/10/2023,WPG,ANA
12/10/2023,MIN,SEA
12/10/2023,SJS,VGK
12/11/2023,ARI,BUF
12/11/2023,TOR,NYI
12/11/2023,DET,DAL
12/11/2023,CGY,COL
12/12/2023,TOR,NYR
12/12/2023,CAR,OTT
12/12/2023,ARI,PIT
12/12/2023,DET,STL
12/12/2023,PHI,NSH
12/12/2023,CHI,EDM
12/12/2023,FLA,SEA
12/12/2023,TBL,VAN
12/12/2023,CGY,VGK
12/12/2023,WPG,SJS
12/13/2023,PIT,MTL
12/13/2023,BOS,NJD
12/13/2023,ANA,NYI
12/13/2023,BUF,COL
12/13/2023,WPG,LAK
12/14/2023,WSH,PHI
12/14/2023,CBJ,TOR
12/14/2023,CAR,DET
12/14/2023,CGY,MIN
12/14/2023,OTT,STL
12/14/2023,TBL,EDM
12/14/2023,CHI,SEA
12/14/2023,FLA,VAN
12/15/2023,ANA,NYR
12/15/2023,NSH,CAR
12/15/2023,BOS,NYI
12/15/2023,OTT,DAL
12/15/2023,SJS,ARI
12/15/2023,BUF,VGK
12/16/2023,VAN,MIN
12/16/2023,NYR,BOS
12/16/2023,NJD,CBJ
12/16/2023,NYI,MTL
12/16/2023,DET,PHI
12/16/2023,PIT,TOR
12/16/2023,COL,WPG
12/16/2023,WSH,NSH
12/16/2023,DAL,STL
12/16/2023,BUF,ARI
12/16/2023,TBL,CGY
12/16/2023,FLA,EDM
12/16/2023,LAK,SEA
12/17/2023,VAN,CHI
12/17/2023,WSH,CAR
12/17/2023,ANA,NJD
12/17/2023,SJS,COL
12/17/2023,OTT,VGK
12/18/2023,ANA,DET
12/18/2023,MIN,PIT
12/18/2023,MTL,WPG
12/18/2023,SEA,DAL
12/18/2023,FLA,CGY
12/19/2023,MIN,BOS
12/19/2023,CBJ,BUF
12/19/2023,VGK,CAR
12/19/2023,PHI,NJD
12/19/2023,STL,TBL
12/19/2023,NYR,TOR
12/19/2023,EDM,NYI
12/19/2023,VAN,NSH
12/19/2023,COL,CHI
12/19/2023,OTT,ARI
12/19/2023,LAK,SJS
12/20/2023,DET,WPG
12/20/2023,NYI,WSH
12/20/2023,SEA,LAK
12/21/2023,TOR,BUF
12/21/2023,WSH,CBJ
12/21/2023,STL,FLA
12/21/2023,NSH,PHI
12/21/2023,CAR,PIT
12/21/2023,VGK,TBL
12/21/2023,EDM,NJD
12/21/2023,VAN,DAL
12/21/2023,MTL,MIN
12/21/2023,OTT,COL
12/21/2023,CGY,ANA
12/21/2023,ARI,SJS
12/22/2023,PHI,DET
12/22/2023,EDM,NYR
12/22/2023,BOS,WPG
12/22/2023,MTL,CHI
12/23/2023,DAL,NSH
12/23/2023,VGK,FLA
12/23/2023,TOR,CBJ
12/23/2023,BOS,MIN
12/23/2023,DET,NJD
12/23/2023,PIT,OTT
12/23/2023,TBL,WSH
12/23/2023,NYI,CAR
12/23/2023,BUF,NYR
12/23/2023,SEA,ANA
12/23/2023,CHI,STL
12/23/2023,ARI,COL
12/23/2023,CGY,LAK
12/23/2023,SJS,VAN
12/27/2023,CBJ,NJD
12/27/2023,WSH,NYR
12/27/2023,FLA,TBL
12/27/2023,OTT,TOR
12/27/2023,BOS,BUF
12/27/2023,PIT,NYI
12/27/2023,DET,MIN
12/27/2023,CAR,NSH
12/27/2023,DAL,STL
12/27/2023,COL,ARI
12/27/2023,WPG,CHI
12/27/2023,SEA,CGY
12/27/2023,VGK,ANA
12/27/2023,SJS,LAK
12/28/2023,MTL,CAR
12/28/2023,PHI,VAN
12/28/2023,LAK,VGK
12/28/2023,EDM,SJS
12/29/2023,TOR,CBJ
12/29/2023,NSH,DET
12/29/2023,NYR,FLA
12/29/2023,NJD,OTT
12/29/2023,WSH,NYI
12/29/2023,CHI,DAL
12/29/2023,COL,STL
12/29/2023,ARI,ANA
12/29/2023,PHI,SEA
12/30/2023,MIN,WPG
12/30/2023,CBJ,BUF
12/30/2023,NJD,BOS
12/30/2023,MTL,FLA
12/30/2023,STL,PIT
12/30/2023,NYR,TBL
12/30/2023,CAR,TOR
12/30/2023,NSH,WSH
12/30/2023,EDM,LAK
12/31/2023,WPG,MIN
12/31/2023,BOS,DET
12/31/2023,BUF,OTT
12/31/2023,NYI,PIT
12/31/2023,MTL,TBL
12/31/2023,EDM,ANA
12/31/2023,PHI,CGY
12/31/2023,SJS,COL
12/31/2023,CHI,DAL
1/1/2024,VGK,SEA
1/2/2024,BOS,CBJ
1/2/2024,CAR,NYR
1/2/2024,WSH,PIT
1/2/2024,MTL,DAL
1/2/2024,CGY,MIN
1/2/2024,CHI,NSH
1/2/2024,TBL,WPG
1/2/2024,FLA,ARI
1/2/2024,NYI,COL
1/2/2024,PHI,EDM
1/2/2024,OTT,VAN
1/2/2024,TOR,LAK
1/2/2024,DET,SJS
1/3/2024,NJD,WSH
1/3/2024,TOR,ANA
1/4/2024,PIT,BOS
1/4/2024,BUF,MTL
1/4/2024,CHI,NYR
1/4/2024,CBJ,PHI
1/4/2024,COL,DAL
1/4/2024,TBL,MIN
1/4/2024,CGY,NSH
1/4/2024,VAN,STL
1/4/2024,NYI,ARI
1/4/2024,OTT,SEA
1/4/2024,FLA,VGK
1/4/2024,DET,LAK
1/4/2024,WPG,SJS
1/5/2024,CHI,NJD
1/5/2024,CAR,WSH
1/5/2024,WPG,ANA
1/6/2024,CGY,PHI
1/6/2024,FLA,COL
1/6/2024,TBL,BOS
1/6/2024,MIN,CBJ
1/6/2024,NYR,MTL
1/6/2024,VAN,NJD
1/6/2024,BUF,PIT
1/6/2024,TOR,SJS
1/6/2024,STL,CAR
1/6/2024,NSH,DAL
1/6/2024,OTT,EDM
1/6/2024,NYI,VGK
1/7/2024,CGY,CHI
1/7/2024,LAK,WSH
1/7/2024,WPG,ARI
1/7/2024,DET,ANA
1/8/2024,VAN,NYR
1/8/2024,PIT,PHI
1/8/2024,DAL,MIN
1/8/2024,BOS,COL
1/9/2024,SEA,BUF
1/9/2024,LAK,TBL
1/9/2024,SJS,TOR
1/9/2024,VAN,NYI
1/9/2024,ANA,NSH
1/9/2024,FLA,STL
1/9/2024,CBJ,WPG
1/9/2024,EDM,CHI
1/9/2024,BOS,ARI
1/9/2024,OTT,CGY
1/10/2024,MTL,PHI
1/10/2024,MIN,DAL
1/10/2024,VGK,COL
1/11/2024,OTT,BUF
1/11/2024,ANA,CAR
1/11/2024,EDM,DET
1/11/2024,LAK,FLA
1/11/2024,SJS,MTL
1/11/2024,VAN,PIT
1/11/2024,NJD,TBL
1/11/2024,SEA,WSH
1/11/2024,TOR,NYI
1/11/2024,NYR,STL
1/11/2024,CHI,WPG
1/11/2024,CGY,ARI
1/11/2024,BOS,VGK
1/12/2024,NSH,DAL
1/12/2024,PHI,MIN
1/13/2024,NYR,WSH
1/13/2024,VAN,BUF
1/13/2024,SJS,OTT
1/13/2024,NJD,FLA
1/13/2024,PIT,CAR
1/13/2024,SEA,CBJ
1/13/2024,LAK,DET
1/13/2024,EDM,MTL
1/13/2024,ANA,TBL
1/13/2024,COL,TOR
1/13/2024,PHI,WPG
1/13/2024,DAL,CHI
1/13/2024,ARI,MIN
1/13/2024,NYI,NSH
1/13/2024,BOS,STL
1/13/2024,CGY,VGK
1/14/2024,WSH,NYR
1/14/2024,DET,TOR
1/15/2024,SJS,BUF
1/15/2024,NJD,BOS
1/15/2024,VAN,CBJ
1/15/2024,ANA,FLA
1/15/2024,SEA,PIT
1/15/2024,LAK,CAR
1/15/2024,NYI,MIN
1/15/2024,NSH,VGK
1/15/2024,COL,MTL
1/15/2024,PHI,STL
1/16/2024,SEA,NYR
1/16/2024,COL,OTT
1/16/2024,ANA,WSH
1/16/2024,LAK,DAL
1/16/2024,NYI,WPG
1/16/2024,SJS,CHI
1/16/2024,ARI,CGY
1/16/2024,TOR,EDM
1/17/2024,DET,FLA
1/17/2024,MTL,NJD
1/18/2024,CHI,BUF
1/18/2024,COL,BOS
1/18/2024,MTL,OTT
1/18/2024,DAL,PHI
1/18/2024,MIN,TBL
1/18/2024,STL,WSH
1/18/2024,TOR,CGY
1/18/2024,SEA,EDM
1/18/2024,NSH,LAK
1/18/2024,ARI,VAN
1/18/2024,NYR,VGK
1/19/2024,DET,CAR
1/19/2024,NJD,CBJ
1/19/2024,MIN,FLA
1/19/2024,NYI,CHI
1/20/2024,TBL,BUF
1/20/2024,COL,PHI
1/20/2024,NSH,ARI
1/20/2024,WPG,OTT
1/20/2024,MTL,BOS
1/20/2024,DAL,NJD
1/20/2024,TOR,VAN
1/20/2024,WSH,STL
1/20/2024,EDM,CGY
1/20/2024,ANA,SJS
1/20/2024,PIT,VGK
1/20/2024,NYR,LAK
1/21/2024,OTT,PHI
1/21/2024,MIN,CAR
1/21/2024,TBL,DET
1/21/2024,DAL,NYI
1/21/2024,NYR,ANA
1/21/2024,TOR,SEA
1/22/2024,WPG,BOS
1/22/2024,VGK,NJD
1/22/2024,FLA,NSH
1/22/2024,PIT,ARI
1/22/2024,CHI,VAN
1/22/2024,SJS,LAK
1/23/2024,DAL,DET
1/23/2024,OTT,MTL
1/23/2024,TBL,PHI
1/23/2024,VGK,NYI
1/23/2024,WSH,MIN
1/23/2024,STL,CGY
1/23/2024,CBJ,EDM
1/23/2024,BUF,ANA
1/23/2024,NYR,SJS
1/24/2024,ARI,FLA
1/24/2024,WPG,TOR
1/24/2024,CAR,BOS
1/24/2024,WSH,COL
1/24/2024,CHI,SEA
1/24/2024,STL,VAN
1/24/2024,BUF,LAK
1/25/2024,PHI,DET
1/25/2024,NYI,MTL
1/25/2024,BOS,OTT
1/25/2024,ARI,TBL
1/25/2024,NJD,CAR
1/25/2024,ANA,DAL
1/25/2024,NSH,MIN
1/25/2024,CBJ,CGY
1/25/2024,CHI,EDM
1/26/2024,VGK,NYR
1/26/2024,FLA,PIT
1/26/2024,LAK,COL
1/26/2024,STL,SEA
1/27/2024,BOS,PHI
1/27/2024,WSH,DAL
1/27/2024,NSH,EDM
1/27/2024,BUF,SJS
1/27/2024,ARI,CAR
1/27/2024,NYR,OTT
1/27/2024,MTL,PIT
1/27/2024,NJD,TBL
1/27/2024,TOR,WPG
1/27/2024,FLA,NYI
1/27/2024,VGK,DET
1/27/2024,ANA,MIN
1/27/2024,CHI,CGY
1/27/2024,CBJ,VAN
1/28/2024,LAK,STL
1/28/2024,CBJ,SEA
1/29/2024,NSH,OTT
1/30/2024,CBJ,STL
1/30/2024,SEA,SJS
1/31/2024,OTT,DET
1/31/2024,LAK,NSH
1/31/2024,SJS,ANA
2/5/2024,COL,NYR
2/5/2024,NYI,TOR
2/6/2024,CGY,BOS
2/6/2024,DAL,BUF
2/6/2024,VAN,CAR
2/6/2024,PHI,FLA
2/6/2024,WPG,PIT
2/6/2024,MTL,WSH
2/6/2024,COL,NJD
2/6/2024,EDM,VGK
2/7/2024,TBL,NYR
2/7/2024,DAL,TOR
2/7/2024,MIN,CHI
2/8/2024,VAN,BOS
2/8/2024,WSH,FLA
2/8/2024,CGY,NJD
2/8/2024,WPG,PHI
2/8/2024,COL,CAR
2/8/2024,TBL,NYI
2/8/2024,VGK,ARI
2/9/2024,PIT,MIN
2/9/2024,NYR,CHI
2/9/2024,EDM,ANA
2/10/2024,STL,BUF
2/10/2024,VAN,DET
2/10/2024,DAL,MTL
2/10/2024,CGY,NYI
2/10/2024,WSH,BOS
2/10/2024,COL,FLA
2/10/2024,NJD,CAR
2/10/2024,TBL,CBJ
2/10/2024,TOR,OTT
2/10/2024,SEA,PHI
2/10/2024,PIT,WPG
2/10/2024,ARI,NSH
2/10/2024,EDM,LAK
2/11/2024,STL,MTL
2/11/2024,VAN,WSH
2/12/2024,SEA,NJD
2/12/2024,CGY,NYR
2/12/2024,ARI,PHI
2/12/2024,MIN,VGK
2/13/2024,TBL,BOS
2/13/2024,LAK,BUF
2/13/2024,ANA,MTL
2/13/2024,CBJ,OTT
2/13/2024,STL,TOR
2/13/2024,COL,WSH
2/13/2024,SEA,NYI
2/13/2024,CAR,DAL
2/13/2024,NJD,NSH
2/13/2024,VAN,CHI
2/13/2024,DET,EDM
2/14/2024,FLA,PIT
2/14/2024,SJS,WPG
2/14/2024,MIN,ARI
2/15/2024,SEA,BOS
2/15/2024,FLA,BUF
2/15/2024,LAK,NJD
2/15/2024,MTL,NYR
2/15/2024,ANA,OTT
2/15/2024,COL,TBL
2/15/2024,PHI,TOR
2/15/2024,EDM,STL
2/15/2024,DAL,NSH
2/15/2024,PIT,CHI
2/15/2024,SJS,CGY
2/15/2024,DET,VAN
2/16/2024,CAR,ARI
2/17/2024,LAK,BOS
2/17/2024,EDM,DAL
2/17/2024,OTT,CHI
2/17/2024,DET,CGY
2/17/2024,BUF,MIN
2/17/2024,NSH,STL
2/17/2024,FLA,TBL
2/17/2024,WSH,MTL
2/17/2024,ANA,TOR
2/17/2024,PHI,NJD
2/17/2024,WPG,VAN
2/17/2024,CBJ,SJS
2/17/2024,CAR,VGK
2/18/2024,NYR,NYI
2/18/2024,ARI,COL
2/18/2024,LAK,PIT
2/19/2024,ANA,BUF
2/19/2024,DAL,BOS
2/19/2024,TOR,STL
2/19/2024,VAN,MIN
2/19/2024,DET,SEA
2/19/2024,EDM,ARI
2/19/2024,WPG,CGY
2/19/2024,VGK,SJS
2/19/2024,CHI,CAR
2/19/2024,OTT,TBL
2/20/2024,OTT,FLA
2/20/2024,DAL,NYR
2/20/2024,NYI,PIT
2/20/2024,NJD,WSH
2/20/2024,MIN,WPG
2/20/2024,VAN,COL
2/20/2024,NSH,VGK
2/20/2024,CBJ,LAK
2/21/2024,BUF,MTL
2/21/2024,PHI,CHI
2/21/2024,CBJ,ANA
2/21/2024,TOR,ARI
2/21/2024,BOS,EDM
2/22/2024,FLA,CAR
2/22/2024,COL,DET
2/22/2024,NYR,NJD
2/22/2024,DAL,OTT
2/22/2024,MTL,PIT
2/22/2024,WSH,TBL
2/22/2024,NYI,STL
2/22/2024,BOS,CGY
2/22/2024,VAN,SEA
2/22/2024,TOR,VGK
2/22/2024,NSH,LAK
2/23/2024,BUF,CBJ
2/23/2024,WPG,CHI
2/23/2024,MIN,EDM
2/24/2024,STL,DET
2/24/2024,MTL,NJD
2/24/2024,TBL,NYI
2/24/2024,NYR,PHI
2/24/2024,WSH,FLA
2/24/2024,TOR,COL
2/24/2024,VGK,OTT
2/24/2024,BOS,VAN
2/24/2024,DAL,CAR
2/24/2024,CGY,EDM
2/24/2024,MIN,SEA
2/24/2024,NSH,SJS
2/24/2024,ANA,LAK
2/25/2024,TBL,NJD
2/25/2024,PHI,PIT
2/25/2024,CAR,BUF
2/25/2024,NYR,CBJ
2/25/2024,DET,CHI
2/25/2024,ARI,WPG
2/25/2024,NSH,ANA
2/26/2024,OTT,WSH
2/26/2024,NYI,DAL
2/26/2024,LAK,EDM
2/26/2024,BOS,SEA
2/27/2024,WSH,DET
2/27/2024,BUF,FLA
2/27/2024,ARI,MTL
2/27/2024,TBL,PHI
2/27/2024,VGK,TOR
2/27/2024,CAR,MIN
2/27/2024,OTT,NSH
2/27/2024,STL,WPG
2/27/2024,LAK,CGY
2/27/2024,DAL,COL
2/27/2024,PIT,VAN
2/27/2024,NJD,SJS
2/28/2024,CBJ,NYR
2/28/2024,STL,EDM
2/29/2024,VGK,BOS
2/29/2024,CAR,CBJ
2/29/2024,NYI,DET
2/29/2024,MTL,FLA
2/29/2024,BUF,TBL
2/29/2024,ARI,TOR
2/29/2024,WPG,DAL
2/29/2024,MIN,NSH
2/29/2024,COL,CHI
2/29/2024,PIT,SEA
2/29/2024,LAK,VAN
2/29/2024,ANA,SJS
3/1/2024,ARI,OTT
3/1/2024,PHI,WSH
3/1/2024,NJD,ANA
3/2/2024,WPG,CAR
3/2/2024,FLA,DET
3/2/2024,EDM,SEA
3/2/2024,COL,NSH
3/2/2024,MIN,STL
3/2/2024,VGK,BUF
3/2/2024,OTT,PHI
3/2/2024,MTL,TBL
3/2/2024,NYR,TOR
3/2/2024,BOS,NYI
3/2/2024,CBJ,CHI
3/2/2024,SJS,DAL
3/2/2024,PIT,CGY
3/3/2024,ARI,WSH
3/3/2024,NJD,LAK
3/3/2024,WPG,BUF
3/3/2024,SJS,MIN
3/3/2024,VAN,ANA
3/3/2024,PIT,EDM
3/4/2024,VGK,CBJ
3/4/2024,FLA,NYR
3/4/2024,STL,PHI
3/4/2024,BOS,TOR
3/4/2024,CHI,COL
3/4/2024,SEA,CGY
3/5/2024,FLA,NJD
3/5/2024,CBJ,PIT
3/5/2024,EDM,BOS
3/5/2024,STL,NYI
3/5/2024,MTL,NSH
3/5/2024,SEA,WPG
3/5/2024,CHI,ARI
3/5/2024,VAN,LAK
3/5/2024,DAL,SJS
3/6/2024,BUF,TOR
3/6/2024,DET,COL
3/6/2024,OTT,ANA
3/7/2024,TOR,BOS
3/7/2024,MTL,CAR
3/7/2024,EDM,CBJ
3/7/2024,PHI,FLA
3/7/2024,STL,NJD
3/7/2024,WSH,PIT
3/7/2024,CGY,TBL
3/7/2024,BUF,NSH
3/7/2024,MIN,ARI
3/7/2024,VAN,VGK
3/7/2024,OTT,LAK
3/7/2024,NYI,SJS
3/8/2024,DET,ARI
3/8/2024,MIN,COL
3/8/2024,DAL,ANA
3/8/2024,WPG,SEA
3/9/2024,EDM,BUF
3/9/2024,NSH,CBJ
3/9/2024,CAR,NJD
3/9/2024,PIT,BOS
3/9/2024,CGY,FLA
3/9/2024,TOR,MTL
3/9/2024,OTT,SJS
3/9/2024,PHI,TBL
3/9/2024,CHI,WSH
3/9/2024,STL,NYR
3/9/2024,WPG,VAN
3/9/2024,DET,VGK
3/9/2024,DAL,LAK
3/10/2024,EDM,PIT
3/10/2024,NSH,MIN
3/10/2024,CGY,CAR
3/10/2024,ARI,CHI
3/10/2024,NYI,ANA
3/11/2024,STL,BOS
3/11/2024,NJD,NYR
3/11/2024,WSH,WPG
3/11/2024,NYI,LAK
3/12/2024,DET,BUF
3/12/2024,NYR,CAR
3/12/2024,CBJ,MTL
3/12/2024,PIT,OTT
3/12/2024,SJS,PHI
3/12/2024,FLA,DAL
3/12/2024,ARI,MIN
3/12/2024,ANA,CHI
3/12/2024,COL,CGY
3/12/2024,VGK,SEA
3/13/2024,LAK,STL
3/13/2024,NSH,WPG
3/13/2024,WSH,EDM
3/13/2024,COL,VAN
3/14/2024,NYI,BUF
3/14/2024,FLA,CAR
3/14/2024,OTT,CBJ
3/14/2024,ARI,DET
3/14/2024,BOS,MTL
3/14/2024,SJS,PIT
3/14/2024,NYR,TBL
3/14/2024,TOR,PHI
3/14/2024,NJD,DAL
3/14/2024,ANA,MIN
3/14/2024,VGK,CGY
3/14/2024,WSH,SEA
3/15/2024,ANA,WPG
3/15/2024,LAK,CHI
3/16/2024,BUF,DET
3/16/2024,OTT,NYI
3/16/2024,NYR,PIT
3/16/2024,NJD,ARI
3/16/2024,TBL,FLA
3/16/2024,PHI,BOS
3/16/2024,SJS,CBJ
3/16/2024,MTL,CGY
3/16/2024,CAR,TOR
3/16/2024,LAK,DAL
3/16/2024,MIN,STL
3/16/2024,COL,EDM
3/16/2024,NSH,SEA
3/16/2024,WSH,VAN
3/17/2024,NYI,NYR
3/17/2024,NJD,VGK
3/17/2024,WPG,CBJ
3/17/2024,SJS,CHI
3/17/2024,CAR,OTT
3/17/2024,DET,PIT
3/17/2024,ANA,STL
3/18/2024,WSH,CGY
3/18/2024,BUF,SEA
3/19/2024,OTT,BOS
3/19/2024,CBJ,DET
3/19/2024,PIT,NJD
3/19/2024,WPG,NYR
3/19/2024,TOR,PHI
3/19/2024,CAR,NYI
3/19/2024,SJS,NSH
3/19/2024,COL,STL
3/19/2024,MTL,EDM
3/19/2024,MIN,ANA
3/19/2024,CHI,LAK
3/19/2024,BUF,VAN
3/19/2024,TBL,VGK
3/20/2024,TOR,WSH
3/20/2024,ARI,DAL
3/20/2024,MIN,LAK
3/21/2024,NYR,BOS
3/21/2024,PHI,CAR
3/21/2024,NYI,DET
3/21/2024,WPG,NJD
3/21/2024,STL,OTT
3/21/2024,NSH,FLA
3/21/2024,BUF,EDM
3/21/2024,CHI,ANA
3/21/2024,MTL,VAN
3/21/2024,SEA,VGK
3/21/2024,TBL,SJS
3/22/2024,CAR,WSH
3/22/2024,PIT,DAL
3/22/2024,CBJ,COL
3/22/2024,SEA,ARI
3/23/2024,WPG,NYI
3/23/2024,BOS,PHI
3/23/2024,STL,MIN
3/23/2024,DET,NSH
3/23/2024,OTT,NJD
3/23/2024,EDM,TOR
3/23/2024,FLA,NYR
3/23/2024,CGY,VAN
3/23/2024,TBL,LAK
3/23/2024,CHI,SJS
3/23/2024,CBJ,VGK
3/24/2024,WPG,WSH
3/24/2024,PIT,COL
3/24/2024,NJD,NYI
3/24/2024,TOR,CAR
3/24/2024,EDM,OTT
3/24/2024,FLA,PHI
3/24/2024,DAL,ARI
3/24/2024,TBL,ANA
3/24/2024,BUF,CGY
3/24/2024,MTL,SEA
3/25/2024,VGK,STL
3/25/2024,LAK,VAN
3/26/2024,BOS,FLA
3/26/2024,PHI,NYR
3/26/2024,CAR,PIT
3/26/2024,DET,WSH
3/26/2024,NJD,TOR
3/26/2024,VGK,NSH
3/26/2024,EDM,WPG
3/26/2024,CGY,CHI
3/26/2024,MTL,COL
3/26/2024,CBJ,ARI
3/26/2024,ANA,SEA
3/26/2024,DAL,SJS
3/27/2024,OTT,BUF
3/27/2024,BOS,TBL
3/28/2024,NYI,FLA
3/28/2024,PHI,MTL
3/28/2024,CHI,OTT
3/28/2024,CBJ,PIT
3/28/2024,WSH,TOR
3/28/2024,DET,CAR
3/28/2024,SJS,MIN
3/28/2024,CGY,STL
3/28/2024,VGK,WPG
3/28/2024,NYR,COL
3/28/2024,LAK,EDM
3/28/2024,NSH,ARI
3/28/2024,ANA,SEA
3/28/2024,DAL,VAN
3/29/2024,NJD,BUF
3/30/2024,DET,FLA
3/30/2024,VGK,MIN
3/30/2024,ANA,EDM
3/30/2024,NYR,ARI
3/30/2024,NSH,COL
3/30/2024,TOR,BUF
3/30/2024,PIT,CBJ
3/30/2024,CAR,MTL
3/30/2024,CHI,PHI
3/30/2024,NYI,TBL
3/30/2024,OTT,WPG
3/30/2024,BOS,WSH
3/30/2024,SJS,STL
3/30/2024,LAK,CGY
3/30/2024,DAL,SEA
3/31/2024,ANA,VAN
4/1/2024,COL,CBJ
4/1/2024,PIT,NYR
4/1/2024,NYI,PHI
4/1/2024,DET,TBL
4/1/2024,FLA,TOR
4/1/2024,EDM,STL
4/1/2024,LAK,WPG
4/1/2024,SEA,SJS
4/2/2024,WSH,BUF
4/2/2024,FLA,MTL
4/2/2024,PIT,NJD
4/2/2024,CHI,NYI
4/2/2024,OTT,MIN
4/2/2024,BOS,NSH
4/2/2024,ANA,CGY
4/2/2024,VAN,VGK
4/3/2024,TBL,TOR
4/3/2024,NJD,NYR
4/3/2024,EDM,DAL
4/3/2024,SEA,LAK
4/3/2024,VAN,ARI
4/4/2024,BOS,CAR
4/4/2024,NYI,CBJ
4/4/2024,TBL,MTL
4/4/2024,FLA,OTT
4/4/2024,PIT,WSH
4/4/2024,COL,MIN
4/4/2024,STL,NSH
4/4/2024,CGY,WPG
4/4/2024,LAK,SJS
4/5/2024,PHI,BUF
4/5/2024,WSH,CAR
4/5/2024,NYR,DET
4/5/2024,COL,EDM
4/5/2024,SEA,ANA
4/5/2024,VGK,ARI
4/6/2024,TBL,PIT
4/6/2024,FLA,BOS
4/6/2024,DAL,CHI
4/6/2024,WPG,MIN
4/6/2024,STL,SJS
4/6/2024,PHI,CBJ
4/6/2024,TOR,MTL
4/6/2024,NJD,OTT
4/6/2024,NSH,NYI
4/6/2024,EDM,CGY
4/6/2024,VAN,LAK
4/7/2024,BUF,DET
4/7/2024,MIN,CHI
4/7/2024,CBJ,CAR
4/7/2024,ARI,SJS
4/7/2024,OTT,WSH
4/7/2024,NSH,NJD
4/7/2024,MTL,NYR
4/7/2024,STL,ANA
4/7/2024,DAL,COL
4/8/2024,PIT,TOR
4/8/2024,VGK,VAN
4/9/2024,CAR,BOS
4/9/2024,WSH,DET
4/9/2024,OTT,FLA
4/9/2024,PHI,MTL
4/9/2024,TOR,NJD
4/9/2024,NYR,NYI
4/9/2024,CBJ,TBL
4/9/2024,BUF,DAL
4/9/2024,WPG,NSH
4/9/2024,MIN,COL
4/9/2024,LAK,ANA
4/9/2024,ARI,SEA
4/9/2024,CGY,SJS
4/10/2024,CHI,STL
4/10/2024,VGK,EDM
4/10/2024,ARI,VAN
4/11/2024,WSH,BUF
4/11/2024,CBJ,FLA
4/11/2024,PHI,NYR
4/11/2024,DET,PIT
4/11/2024,OTT,TBL
4/11/2024,NJD,TOR
4/11/2024,MTL,NYI
4/11/2024,WPG,DAL
4/11/2024,SJS,SEA
4/11/2024,CGY,LAK
4/12/2024,CAR,STL
4/12/2024,NSH,CHI
4/12/2024,ARI,EDM
4/12/2024,CGY,ANA
4/12/2024,MIN,VGK
4/13/2024,NYI,NYR
4/13/2024,SEA,DAL
4/13/2024,WPG,COL
4/13/2024,BUF,FLA
4/13/2024,NJD,PHI
4/13/2024,TBL,WSH
4/13/2024,MTL,OTT
4/13/2024,DET,TOR
4/13/2024,CBJ,NSH
4/13/2024,BOS,PIT
4/13/2024,VAN,EDM
4/13/2024,ANA,LAK
4/13/2024,MIN,SJS
4/14/2024,SEA,STL
4/14/2024,COL,VGK
4/14/2024,CAR,CHI
4/14/2024,ARI,CGY
4/15/2024,MTL,DET
4/15/2024,NYI,NJD
4/15/2024,NSH,PIT
4/15/2024,BUF,TBL
4/15/2024,BOS,WSH
4/15/2024,OTT,NYR
4/15/2024,SJS,EDM
4/15/2024,MIN,LAK
4/16/2024,OTT,BOS
4/16/2024,CAR,CBJ
4/16/2024,DET,MTL
4/16/2024,WSH,PHI
4/16/2024,TOR,FLA
4/16/2024,SEA,WPG
4/16/2024,CHI,VGK
4/16/2024,CGY,VAN
4/17/2024,PIT,NYI
4/17/2024,TOR,TBL
4/17/2024,STL,DAL
4/17/2024,EDM,ARI
4/18/2024,SEA,MIN
4/18/2024,VAN,WPG
4/18/2024,SJS,CGY
4/18/2024,EDM,COL
4/18/2024,ANA,VGK
4/18/2024,CHI,LAK
